,1,2,3,4,5,6,7,8,9,10
A,1.036771353274221,6.753202393976958,1.7564071697172448,0.818986953560593,1.3710231297815254,1.0049726312543799,0.9317356826443135,1.2493191680780138,2.0562218647175436,0.2714330445355738
C,0.09668738977778263,0.13481970159193016,0.10327659475699291,0.9385288722515309,0.6704148263129028,0.09444405221991682,0.09306576674957534,0.6802827049509902,0.4045365762829136,0.11142287501409505
D,0.07495977999069722,0.10235602655933987,1.3993915468001044,1.9816748725878002,0.8001045386443149,1.1212364195458189,0.8115960614369662,0.3202048230538525,0.3216880194506632,0.25590359474610674
E,0.06602488319068897,0.09058838671149219,0.5990649271633643,1.6626078835024476,0.4930042616813134,0.7810896764144201,0.5681902880954985,0.8348703423533227,0.937471692826165,0.05476793332442321
F,7.654784666644389,0.5674262423137885,2.1796302367226876,0.5319202260971277,1.121101239793879,0.8741545358920046,1.274699743410813,0.4471101855195134,1.457151630070277,2.3948110960676576
G,0.4098903545529415,0.6678133874111396,0.2804305862436868,1.3608155009673257,2.480374452920529,1.720247034245076,2.375319078296495,0.8645571163889992,0.6622556690731791,0.20618335932903303
H,1.2105267224057212,0.18213644941718982,0.6601507333311494,0.7308872727807161,1.1758004976653582,1.1962655366513553,1.1924897661880964,1.5451302452000335,0.6459962301404174,0.07603704229307028
I,1.3653924352819036,1.2235431180663878,3.134699472460388,0.5272066825635124,0.6074996403752456,0.7220753719030241,0.8451260519013385,1.2440447502174599,0.9474428713845153,0.7769095351173825
K,0.2908189670674314,0.11925115280463751,0.14801411390207828,0.45234090340338123,0.44164950631703376,0.8204306259128776,1.0506814357865584,0.6958523686767751,0.37060798184369115,0.15724766563849807
L,1.3623618963423847,0.5790773789849423,0.8032676005699189,0.43379560716457544,0.4735526710348603,0.5279290882476999,1.2105373154315102,1.2259261121199265,0.6124956018785586,6.676835678986535
M,1.9284432561138614,0.2873491554579731,1.5760527265098405,0.3516022515283348,0.7015045684644211,0.26404397182081,1.0818602681745069,0.7444145863167192,0.2816193581019345,2.7315586438367028
N,0.16417188153154788,0.1883495912147986,0.7649834860611974,1.2185884207257531,1.3301370540401525,1.4314778906839176,1.1624302860527056,1.2751356026058414,0.46449075807892826,0.07490031534235717
P,0.04403332286304742,0.7572696052013983,0.6989382998783026,3.2252077201262055,2.333351400017615,1.3783299380926306,1.4974838997901603,1.126561035045216,1.135530363901614,0.04002664624089883
Q,0.1698711888908282,0.44213614301106574,0.4896362813024596,0.6489040287621025,0.733434009368319,0.806899514680531,0.5988873884261825,1.0478959139171031,0.7489019027712877,0.1620624166346801
R,0.37525225875385193,0.08987646597245173,0.17106467189930233,0.3511394204379062,0.552611132925654,0.6999709653719967,0.5276784525074547,0.9864221446129039,0.39546319175139893,0.07455899014026622
S,0.48031581561413245,1.074086359530556,0.6180215982633793,1.1513152665693267,0.6453992181559501,1.3798801944424046,0.650497711555606,1.0764867683689892,2.1495253133205927,0.115458445580882
T,0.4588699920458594,0.9899954456197695,0.6114085708075395,0.8114194415734532,0.9367094002248458,1.5724724239250298,0.9520743523872766,1.3406630998885296,1.449155761505807,0.2365420555235071
V,1.295363489888351,1.3514806171555962,1.7473644584773258,0.5277795422026684,1.067732640352443,1.2412141039072957,1.0640759310150278,1.1443618722932798,1.5631333867442492,0.5876544583682842
W,0.5749981010704356,0.4843958245988467,0.724291847798163,0.855462503968515,0.48071321750045515,0.4810650653127211,0.08493163665993164,0.08539651031233732,0.8867504707084497,0.31231564802638717
Y,4.806645102886015,0.11983727563475781,2.974831130914212,0.2811627798420694,1.153412137249709,0.38659900628629873,0.4813095128731656,0.902377215555213,0.6600310918912775,0.6935834333135893
